{"cameraMode":{"drawMode":0,"name":"Shaded","section":"Shading Mode"},"sceneLighting":true,"audioPlay":false,"sceneViewState":{"showFog":true,"showMaterialUpdate":true,"showSkybox":true,"showFlares":true,"showImageEffects":true,"showParticleSystems":true},"in2DMode":false,"pivot":{"x":5.960464477539063e-8,"y":1.4029240608215333,"z":-0.01362687349319458},"rotation":{"x":0.0991693064570427,"y":-0.7515333294868469,"z":0.11612899601459503,"w":0.6417824029922485},"size":10.527201652526856,"orthographic":false}